epoch,acc,loss,val_acc,val_loss
0,0.5450432730133753,1.9404424250266572,0.674869184159538,1.2842907058587423
1,0.89368607395751376,0.48927312082282021,0.7072549853107748,1.1079141713658818
2,0.96931549960660901,0.17695935824658812,0.70569933546498143,1.1708667914207544
3,0.9909520062942565,0.074665257441983462,0.69806250899907907,1.2431898087730942
4,0.9955743509047994,0.038191223081075282,0.69014283710820157,1.3568349116560998
